"object_name","filename","lineno","listlabel"
parse_gtpu_ipv4,/root/GTP/Test3/SNIC_CODE/gtp.p4,18,pif_parrep_state_parse_gtpu_ipv4
parse_tcp,/root/GTP/Test3/SNIC_CODE/parser.p4,33,pif_parrep_state_parse_tcp
parse_gtpu,/root/GTP/Test3/SNIC_CODE/gtp.p4,13,pif_parrep_state_parse_gtpu
parse_udp,/root/GTP/Test3/SNIC_CODE/parser.p4,38,pif_parrep_state_parse_udp
start,/root/GTP/Test3/SNIC_CODE/parser.p4,65,pif_parrep_state_start
parse_ipv4,/root/GTP/Test3/SNIC_CODE/parser.p4,47,pif_parrep_state_parse_ipv4
parse_ethernet,/root/GTP/Test3/SNIC_CODE/parser.p4,57,pif_parrep_state_parse_ethernet
_condition_0,/root/GTP/Test3/SNIC_CODE/main.p4,0,pif_ctlflow_state_ingress_flow__condition_0
fwd,/root/GTP/Test3/SNIC_CODE/main.p4,22,pif_ctlflow_state_ingress_flow_fwd
gtpu_decap_table,/root/GTP/Test3/SNIC_CODE/main.p4,32,pif_ctlflow_state_ingress_flow_gtpu_decap_table
gtpu_encap_table,/root/GTP/Test3/SNIC_CODE/main.p4,46,pif_ctlflow_state_ingress_flow_gtpu_encap_table
forward,/root/GTP/Test3/SNIC_CODE/main.p4,16,pif_action_state_forward
_drop,/root/GTP/Test3/SNIC_CODE/main.p4,13,pif_action_state__drop
gtpu_decap_v4,/root/GTP/Test3/SNIC_CODE/gtp.p4,49,pif_action_state_gtpu_decap_v4
gtpu_encap_v4,/root/GTP/Test3/SNIC_CODE/gtp.p4,24,pif_action_state_gtpu_encap_v4
_nop,/root/GTP/Test3/SNIC_CODE/main.p4,10,pif_action_state__nop
